,GEOGCD_P,GEOGCD,GEOGNM,GEOGNM_P,SI_ID
2,E05004983,E05004983,Barming and Teston,Barming,6006/2017
285,E05000536,E05011095,Borough & Bankside,Cathedrals,1202/2016
286,E05000535,E05011096,Camberwell Green,Camberwell Green,1202/2016
287,E05000541,E05011096,Camberwell Green,Faraday,1202/2016
288,E0500534,E05011096,Camberwell Green,Brunswick Park,1202/2016
289,E05000551,E05011097,Champion Hill,South Camberwell,1202/2016
290,E05000537,E05011098,Chaucer,Chaucer,1202/2016
291,E05000539,E05011099,Dulwich Hill,East Dulwich,1202/2016
292,E05000547,E05011099,Dulwich Hill,Peckham Rye,1202/2016
293,E05000538,E05011099,Dulwich Hill,College,1202/2016
294,E05000554,E05011100,Dulwich Village,Village,1202/2016
295,E05000551,E05011100,Dulwich Village,South Camberwell,1202/2016
296,E05000538,E05011101,Dulwich Wood,College,1202/2016
297,E05000540,E05011102,Faraday,East Walworth,1202/2016
298,E05000541,E05011102,Faraday,Faraday,1202/2016
299,E05000544,E05011102,Faraday,Newington,1202/2016
300,E05000546,E05011102,Faraday,Peckham,1202/2016
301,E05000533,E05011103,Goose Green,The Lane,1202/2016
302,E05000551,E05011103,Goose Green,South Camberwell,1202/2016
303,E05000547,E05011103,Goose Green,Peckham Rye,1202/2016
304,E05000544,E05011103,Goose Green,Village,1202/2016
305,E05000539,E05011103,Goose Green,East Dulwich,1202/2016
306,E05000537,E05011104,London Bridge & West Bermondsey,Chaucer,1202/2016
307,E05000542,E05011104,London Bridge & West Bermondsey,Grange,1202/2016
308,E05000548,E05011104,London Bridge & West Bermondsey,Riverside,1202/2016
309,E05000535,E05011105,Newington,Camberwell Green,1202/2016
310,E05000544,E05011105,Newington,Newington,1202/2016
311,E05000548,E05011106,North Bermondsey,Riverside,1202/2016
312,E05000549,E05011106,North Bermondsey,Rotherhithe,1202/2016
313,E05000541,E05011107,North Walworth,Faraday,1202/2016
314,E05000544,E05011107,North Walworth,Newington,1202/2016
315,E05000540,E05011107,North Walworth,East Walworth,1202/2016
316,E05000543,E05011108,Nunhead & Queen's Road,Livesey,1202/2016
317,E05000545,E05011108,Nunhead & Queen's Road,Nunhead,1202/2016
318,E05000553,E05011108,Nunhead & Queen's Road,The Lane,1202/2016
319,E05000540,E05011109,Old Kent Road,East Walworth,1202/2016
320,E05000550,E05011109,Old Kent Road,South Bermondsey,1202/2016
321,E05000545,E05011109,Old Kent Road,Nunhead,1202/2016
322,E05000543,E05011109,Old Kent Road,Livesey,1202/2016
323,E05000534,E05011110,Peckham,Brunswick Park,1202/2016
324,E05000546,E05011110,Peckham,Peckham,1202/2016
325,E05000545,E05011111,Peckham Rye,Nunhead,1202/2016
326,E05000547,E05011111,Peckham Rye,Peckham Rye,1202/2016
327,E05000543,E05011112,Rotherhithe,Livesey,1202/2016
328,E05000549,E05011112,Rotherhithe,Rotherhithe,1202/2016
329,E05000552,E05011112,Rotherhithe,Surrey Docks,1202/2016
330,E05000551,E05011113,Rye Lane,South Camberwell,1202/2016
331,E05000553,E05011113,Rye Lane,The Lane,1202/2016
332,E05000536,E05011114,St George's,Cathedrals,1202/2016
333,E05000534,E05011115,St Giles,Brunswick Park,1202/2016
334,E05000535,E05011115,St Giles,Camberwell Green,1202/2016
335,E05000541,E05011115,St Giles,Faraday,1202/2016
336,E05000546,E05011115,St Giles,Peckham,1202/2016
337,E05000553,E05011115,St Giles,The Lane,1202/2016
338,E05000550,E05011116,South Bermondsey,South Bermondsey,1202/2016
339,E05000542,E05011116,South Bermondsey,Grange,1202/2016
340,E05000543,E05011116,South Bermondsey,Livesey,1202/2016
341,E05000552,E05011117,Surrey Docks,Surrey Docks,1202/2016
342,E05001178,E05011118,Acocks Green,Acocks Green,1140/2016
343,E05001194,E05011119,Allens Cross,Longbridge,1140/2016
344,E05001217,E05011119,Allens Cross,Weoley,1140/2016
345,E05001190,E05011120,Alum Rock,Hodge Hill,1140/2016
346,E05001216,E05011120,Alum Rock,Washwood Heath,1140/2016
347,E05001179,E05011121,Aston,Aston,1140/2016
348,E05001200,E05011121,Aston,Perry Barr,1140/2016
349,E05001196,E05011122,Balsall Heath West,Moseley and Kings Heath,1140/2016
350,E05001207,E05011122,Balsall Heath West,Sparkbrook,1140/2016
351,E05001185,E05011122,Balsall Heath West,Edgbaston,1140/2016
352,E05001180,E05011123,Bartley Green,Bartley Green,1140/2016
353,E05001181,E05011124,Billesley,Billesley,1140/2016
354,E05001184,E05011124,Billesley,Brandwood,1140/2016
355,E05001208,E05011124,Billesley,Springfield,1140/2016
356,E05001195,E05011125,Birchfield,Lozells and East Handsworth,1140/2016
357,E05001182,E05011126,Bordesley & Highgate,Bordesley Green,1140/2016
358,E05001197,E05011126,Bordesley & Highgate,Nechells,1140/2016
359,E05001206,E05011127,Bordesley Green,South Yardley,1140/2016
360,E05001197,E05011127,Bordesley Green,Nechells,1140/2016
361,E05001182,E05011127,Bordesley Green,Bordesley Green,1140/2016
362,E05001202,E05011128,Bournbrook & Selly Park,Selly Oak,1140/2016
363,E05001183,E05011129,Bournville & Cotteridge,Bournville,1140/2016
364,E05001198,E05011129,Bournville & Cotteridge,Northfield,1140/2016
365,E05001202,E05011129,Bournville & Cotteridge,Selly Oak,1140/2016
366,E05001183,E05011130,Brandwood & King's Heath,Bournville,1140/2016
367,E05001184,E05011130,Brandwood & King's Heath,Brandwood,1140/2016
368,E05001196,E05011130,Brandwood & King's Heath,Moseley and Kings Heath,1140/2016
369,E05001203,E05011131,Bromford & Hodge Hill,Shard End,1140/2016
370,E05001190,E05011131,Bromford & Hodge Hill,Hodge Hill,1140/2016
371,E05001215,E05011132,Castle Vale,Tyburn,1140/2016
372,E05001184,E05011133,Druids Heath & Monyhull,Brandwood,1140/2016
373,E05001185,E05011134,Edgbaston,Edgbaston,1140/2016
374,E05001186,E05011135,Erdington,Erdington,1140/2016
375,E05001192,E05011135,Erdington,Kingstanding,1140/2016
376,E05001194,E05011136,Frankley Great Park,Longbridge,1140/2016
377,E05001204,E05011137,Garretts Green,Sheldon,1140/2016
378,E05001209,E05011137,Garretts Green,Stechford and Yardley North,1140/2016
379,E05001216,E05011138,Glebe Farm & Tile Cross,Washwood Heath,1140/2016
380,E05001209,E05011138,Glebe Farm & Tile Cross,Stechford and Yardley North,1140/2016
381,E05001203,E05011138,Glebe Farm & Tile Cross,Shard End,1140/2016
382,E05001215,E05011139,Gravelly Hill,Tyburn,1140/2016
383,E05001210,E05011139,Gravelly Hill,Stockland Green,1140/2016
384,E05001178,E05011140,Hall Green North,Acocks Green,1140/2016
385,E05001187,E05011140,Hall Green North,Hall Green,1140/2016
386,E05001208,E05011140,Hall Green North,Springfield,1140/2016
387,E05001187,E05011141,Hall Green South,Hall Green,1140/2016
388,E05001188,E05011142,Handsworth,Handsworth Wood,1140/2016
389,E05001195,E05011142,Handsworth,Lozells and East Handsworth,1140/2016
390,E05001188,E05011143,Handsworth Wood,Handsworth Wood,1140/2016
391,E05001195,E05011143,Handsworth Wood,Lozells and East Handsworth,1140/2016
392,E05001189,E05011144,Harborne,Harborne,1140/2016
393,E05001201,E05011144,Harborne,Quinton,1140/2016
394,E05001180,E05011144,Harborne,Bartley Green,1140/2016
395,E05001182,E05011145,Heartlands,Bordesley Green,1140/2016
396,E05001181,E05011146,Highter's Heath,Billesley,1140/2016
397,E05001188,E05011147,Holyhead,Handsworth Wood,1140/2016
398,E05001205,E05011147,Holyhead,Soho,1140/2016
399,E05001191,E05011148,King's Norton North,Kings Norton,1140/2016
400,E05001198,E05011148,King's Norton North,Northfield,1140/2016
401,E05001184,E05011148,King's Norton North,Brandwood,1140/2016
402,E05001191,E05011149,King's Norton South,Kings Norton,1140/2016
403,E05001192,E05011150,Kingstanding,Kingstanding,1140/2016
404,E05001199,E05011150,Kingstanding,Oscott,1140/2016
405,E05001193,E05011151,Ladywood,Ladywood,1140/2016
406,E05001197,E05011151,Ladywood,Nechells,1140/2016
407,E05001191,E05011152,Longbridge & West Heath,Kings Norton,1140/2016
408,E05001194,E05011152,Longbridge & West Heath,Longbridge,1140/2016
409,E05001198,E05011152,Longbridge & West Heath,Northfield,1140/2016
410,E05001179,E05011153,Lozells,Aston,1140/2016
411,E05001195,E05011153,Lozells,Lozells and East Handsworth,1140/2016
412,E05001207,E05011154,Moseley,Sparkbrook,1140/2016
413,E05001208,E05011154,Moseley,Springfield,1140/2016
414,E05001196,E05011154,Moseley,Moseley and Kings Heath,1140/2016
415,E05001197,E05011155,Nechells,Nechells,1140/2016
416,E05001179,E05011156,Newtown,Aston,1140/2016
417,E05001193,E05011156,Newtown,Ladywood,1140/2016
418,E05001195,E05011156,Newtown,Lozells and East Handsworth,1140/2016
419,E05001193,E05011157,North Edgbaston,Ladywood,1140/2016
420,E05001189,E05011157,North Edgbaston,Harborne,1140/2016
421,E05001185,E05011157,North Edgbaston,Edgbaston,1140/2016
422,E05001205,E05011157,North Edgbaston,Soho,1140/2016
423,E05001194,E05011158,Northfield,Longbridge,1140/2016
424,E05001198,E05011158,Northfield,Northfield,1140/2016
425,E05001217,E05011158,Northfield,Weoley,1140/2016
426,E05001199,E05011159,Oscott,Oscott,1140/2016
427,E05001199,E05011160,Perry Barr,Oscott,1140/2016
428,E05001200,E05011160,Perry Barr,Perry Barr,1140/2016
429,E05001192,E05011161,Perry Common,Kingstanding,1140/2016
430,E05001186,E05011161,Perry Common,Erdington,1140/2016
431,E05001186,E05011162,Pype Hayes,Erdington,1140/2016
432,E05001215,E05011162,Pype Hayes,Tyburn,1140/2016
433,E05001201,E05011163,Quinton,Quinton,1140/2016
434,E05001194,E05011164,Rubery & Rednal,Longbridge,1140/2016
435,E05001203,E05011165,Shard End,Shard End,1140/2016
436,E05001204,E05011166,Sheldon,Sheldon,1140/2016
437,E05001182,E05011167,Small Heath,Bordesley Green,1140/2016
438,E05001206,E05011167,Small Heath,South Yardley,1140/2016
439,E05001205,E05011168,Soho & Jewellery Quarter,Soho,1140/2016
440,E05001193,E05011168,Soho & Jewellery Quarter,Ladywood,1140/2016
441,E05001206,E05011169,South Yardley,South Yardley,1140/2016
442,E05001178,E05011170,Sparkbrook & Balsall Heath East,Acocks Green,1140/2016
443,E05001196,E05011170,Sparkbrook & Balsall Heath East,Moseley and Kings Heath,1140/2016
444,E05001206,E05011170,Sparkbrook & Balsall Heath East,South Yardley,1140/2016
445,E05001207,E05011170,Sparkbrook & Balsall Heath East,Sparkbrook,1140/2016
446,E05001208,E05011170,Sparkbrook & Balsall Heath East,Springfield,1140/2016
447,E05001208,E05011171,Sparkhill,Springfield,1140/2016
448,E05001183,E05011172,Stirchley,Bournville,1140/2016
449,E05001196,E05011172,Stirchley,Moseley and Kings Heath,1140/2016
450,E05001192,E05011173,Stockland Green,Kingstanding,1140/2016
451,E05001210,E05011173,Stockland Green,Stockland Green,1140/2016
452,E05001213,E05011174,Sutton Four Oaks,Sutton Trinity,1140/2016
453,E05001211,E05011174,Sutton Four Oaks,Sutton Four Oaks,1140/2016
454,E05001211,E05011175,Sutton Mere Green,Sutton Four Oaks,1140/2016
455,E05001213,E05011175,Sutton Mere Green,Sutton Trinity,1140/2016
456,E05001212,E05011176,Sutton Reddicap,Sutton New Hall,1140/2016
457,E05001213,E05011176,Sutton Reddicap,Sutton Trinity,1140/2016
458,E05001211,E05011177,Sutton Roughley,Sutton Four Oaks,1140/2016
459,E05001213,E05011177,Sutton Roughley,Sutton Trinity,1140/2016
460,E05001211,E05011178,Sutton Trinity,Sutton Four Oaks,1140/2016
461,E05001213,E05011178,Sutton Trinity,Sutton Trinity,1140/2016
462,E05001214,E05011178,Sutton Trinity,Sutton Vesey,1140/2016
463,E05001186,E05011179,Sutton Vesey,Erdington,1140/2016
464,E05001211,E05011179,Sutton Vesey,Sutton Four Oaks,1140/2016
465,E05001214,E05011179,Sutton Vesey,Sutton Vesey,1140/2016
466,E05001212,E05011180,Sutton Walmley & Minworth,Sutton New Hall,1140/2016
467,E05001213,E05011180,Sutton Walmley & Minworth,Sutton Trinity,1140/2016
468,E05001214,E05011181,Sutton Wylde Green,Sutton Vesey,1140/2016
469,E05001212,E05011181,Sutton Wylde Green,Sutton New Hall,1140/2016
470,E05001213,E05011181,Sutton Wylde Green,Sutton Trinity,1140/2016
471,E05001208,E05011182,Tyseley & Hay Mills,Springfield,1140/2016
472,E05001178,E05011182,Tyseley & Hay Mills,Acocks Green,1140/2016
473,E05001206,E05011182,Tyseley & Hay Mills,South Yardley,1140/2016
474,E05001190,E05011183,Ward End,Hodge Hill,1140/2016
475,E05001216,E05011183,Ward End,Washwood Heath,1140/2016
476,E05001180,E05011184,Weoley & Selly Oak,Bartley Green,1140/2016
477,E05001202,E05011184,Weoley & Selly Oak,Selly Oak,1140/2016
478,E05001217,E05011184,Weoley & Selly Oak,Weoley,1140/2016
479,E05001209,E05011185,Yardley East,Stechford and Yardley North,1140/2016
480,E05001206,E05011186,Yardley West & Stechford,South Yardley,1140/2016
481,E05001209,E05011186,Yardley West & Stechford,Stechford and Yardley North,1140/2016
482,E05004498,E05011187,Bishopstoke,Bishopstoke West,1231/2016
483,E05004506,E05011187,Bishopstoke,Fair Oak and Horton Heath,1231/2016
484,E05004497,E05011187,Bishopstoke,Bishopstoke East,1231/2016
485,E05004499,E05011188,Botley,Botley,1231/2016
486,E05004500,E05011189,Bursledon & Hound North,Bursledon and Old Netley,1231/2016
487,E05004507,E05011189,Bursledon & Hound North,Hamble-le-Rice and Butlocks Heath,1231/2016
488,E05004501,E05011190,Chandler's Ford,Chandler's Ford East,1231/2016
489,E05004502,E05011190,Chandler's Ford,Chandler's Ford West,1231/2016
490,E05004503,E05011191,Eastleigh Central,Eastleigh Central,1231/2016
491,E05004503,E05011192,Eastleigh North,Eastleigh Central,1231/2016
492,E05004504,E05011192,Eastleigh North,Eastleigh North,1231/2016
493,E05004505,E05011193,Eastleigh South,Eastleigh South,1231/2016
494,E05004497,E05011194,Fair Oak & Horton Heath,Bishopstoke East,1231/2016
495,E05004506,E05011194,Fair Oak & Horton Heath,Fair Oak and Horton Heath,1231/2016
496,E05004507,E05011195,Hamble & Netley,Hamble-le-Rice and Butlocks Heath,1231/2016
497,E05004513,E05011195,Hamble & Netley,Netley Abbey,1231/2016
498,E05004508,E05011196,Hedge End North,Hedge End Grange Park,1231/2016
499,E05004510,E05011196,Hedge End North,Hedge End Wildern,1231/2016
500,E05004509,E05011197,Hedge End South,Hedge End St John's,1231/2016
501,E05004510,E05011197,Hedge End South,Hedge End Wildern,1231/2016
502,E05004512,E05011198,Hiltingbury,Hiltingbury West,1231/2016
503,E05004511,E05011198,Hiltingbury,Hiltingbury East,1231/2016
504,E05004514,E05011199,West End North,West End North,1231/2016
505,E05004515,E05011199,West End North,West End South,1231/2016
506,E05004500,E05011200,West End South,Bursledon and Old Netley,1231/2016
507,E05004515,E05011200,West End South,West End South,1231/2016
508,E05003929,E05011201,Ashdown,Ashdown,1228/2016
509,E05003939,E05011202,Baird,Ore,1228/2016
510,E05003930,E05011202,Baird,Baird,1228/2016
511,E05003940,E05011203,Braybrooke,St Helens,1228/2016
512,E05003931,E05011203,Braybrooke,Braybrooke,1228/2016
513,E05003935,E05011203,Braybrooke,Gensing,1228/2016
514,E05003932,E05011204,Castle,Castle,1228/2016
515,E05003933,E05011205,Central St Leonards,Central St Leonards,1228/2016
516,E05003937,E05011205,Central St Leonards,Maze Hill,1228/2016
517,E05003934,E05011206,Conquest,Conquest,1228/2016
518,E05003935,E05011207,Gensing,Gensing,1228/2016
519,E05003941,E05011207,Gensing,Silverhill,1228/2016
520,E05003936,E05011208,Hollington,Hollington,1228/2016
521,E05003943,E05011209,Maze Hill,West St Leonards,1228/2016
522,E05003937,E05011209,Maze Hill,Maze Hill,1228/2016
523,E05003935,E05011209,Maze Hill,Gensing,1228/2016
524,E05003938,E05011210,Old Hastings,Old Hastings,1228/2016
525,E05003938,E05011211,Ore,Old Hastings,1228/2016
526,E05003939,E05011211,Ore,Ore,1228/2016
527,E05003942,E05011211,Ore,Tressell,1228/2016
528,E05003940,E05011212,St Helens,St Helens,1228/2016
529,E05003934,E05011213,Silverhill,Conquest,1228/2016
530,E05003941,E05011213,Silverhill,Silverhill,1228/2016
531,E05003929,E05011213,Silverhill,Ashdown,1228/2016
532,E05003944,E05011213,Silverhill,Wishing Tree,1228/2016
533,E05003932,E05011214,Tressell,Castle,1228/2016
534,E05003938,E05011214,Tressell,Old Hastings,1228/2016
535,E05003942,E05011214,Tressell,Tressell,1228/2016
536,E05003943,E05011215,West St Leonards,West St Leonards,1228/2016
537,E05003936,E05011216,Wishing Tree,Hollington,1228/2016
538,E05003944,E05011216,Wishing Tree,Wishing Tree,1228/2016
539,E05000079,E05011217,Barnehurst,North End,481/2017
540,E05000080,E05011217,Barnehurst,Northumberland Heath,481/2017
541,E05000064,E05011217,Barnehurst,Barnehurst,481/2017
542,E05000070,E05011217,Barnehurst,Colyers,481/2017
543,E05000075,E05011218,Belvedere,Erith,481/2017
544,E05000077,E05011218,Belvedere,Lesnes Abbey,481/2017
545,E05000065,E05011218,Belvedere,Belvedere,481/2017
546,E05000064,E05011219,Bexleyheath,Barnehurst,481/2017
547,E05000068,E05011219,Bexleyheath,Brampton,481/2017
548,E05000069,E05011219,Bexleyheath,Christchurch,481/2017
549,E05000080,E05011219,Bexleyheath,Northumberland Heath,481/2017
550,E05000066,E05011220,Blackfen & Lamorbey,Blackfen and Lamorbey,481/2017
551,E05000083,E05011220,Blackfen & Lamorbey,Sidcup,481/2017
552,E05000067,E05011220,Blackfen & Lamorbey,Blendon and Penhill,481/2017
553,E05000076,E05011220,Blackfen & Lamorbey,Falconwood and Welling,481/2017
554,E05000067,E05011221,Blendon & Penhill,Blendon and Penhill,481/2017
555,E05000081,E05011221,Blendon & Penhill,St Mary's,481/2017
556,E05000083,E05011221,Blendon & Penhill,Sidcup,481/2017
557,E05000064,E05011222,Crayford,Barnehurst,481/2017
558,E05000071,E05011222,Crayford,Crayford,481/2017
559,E05000079,E05011222,Crayford,North End,481/2017
560,E05000068,E05011223,Crook Log,Brampton,481/2017
561,E05000082,E05011223,Crook Log,St Michael's,481/2017
562,E05000073,E05011223,Crook Log,Danson Park,481/2017
563,E05000069,E05011223,Crook Log,Christchurch,481/2017
564,E05000074,E05011224,East Wickham,East Wickham,481/2017
565,E05000082,E05011224,East Wickham,St Michael's,481/2017
566,E05000070,E05011225,Erith,Colyers,481/2017
567,E05000075,E05011225,Erith,Erith,481/2017
568,E05000073,E05011226,Falconwood & Welling,Danson Park,481/2017
569,E05000076,E05011226,Falconwood & Welling,Falconwood and Welling,481/2017
570,E05000083,E05011227,Longlands,Sidcup,481/2017
571,E05000078,E05011227,Longlands,Longlands,481/2017
572,E05000080,E05011228,Northumberland Heath,Northumberland Heath,481/2017
573,E05000075,E05011228,Northumberland Heath,Erith,481/2017
574,E05000068,E05011228,Northumberland Heath,Brampton,481/2017
575,E05000070,E05011228,Northumberland Heath,Colyers,481/2017
576,E05000072,E05011229,St Mary's & St James,Cray Meadows,481/2017
577,E05000081,E05011229,St Mary's & St James,St Mary's,481/2017
578,E05000083,E05011230,Sidcup,Sidcup,481/2017
579,E05000072,E05011230,Sidcup,Cray Meadows,481/2017
580,E05000078,E05011230,Sidcup,Longlands,481/2017
581,E05000079,E05011231,Slade Green & Northend,North End,481/2017
582,E05000075,E05011231,Slade Green & Northend,Erith,481/2017
583,E05000070,E05011231,Slade Green & Northend,Colyers,481/2017
584,E05000077,E05011232,Thamesmead East,Lesnes Abbey,481/2017
585,E05000084,E05011232,Thamesmead East,Thamesmead East,481/2017
586,E05000082,E05011233,West Heath,St Michael's,481/2017
587,E05000065,E05011233,West Heath,Belvedere,481/2017
588,E05000068,E05011233,West Heath,Brampton,481/2017
589,E05000077,E05011233,West Heath,Lesnes Abbey,481/2017
590,E05000080,E05011233,West Heath,Northumberland Heath,481/2017
591,E05000495,E05011234,Aldborough,Aldborough,609/2017
592,E05000496,E05011235,Barkingside,Barkingside,609/2017
593,E05000495,E05011235,Barkingside,Aldborough,609/2017
594,E05000497,E05011236,Bridge,Bridge,609/2017
595,E05000503,E05011236,Bridge,Fairlop,609/2017
596,E05000511,E05011236,Bridge,Roding,609/2017
597,E05000498,E05011237,Chadwell,Chadwell,609/2017
598,E05000512,E05011237,Chadwell,Seven Kings,609/2017
599,E05000499,E05011238,Churchfields,Church End,609/2017
600,E05000509,E05011238,Churchfields,Monkhams,609/2017
601,E050000511,E05011238,Churchfields,Roding,609/2017
602,E05000500,E05011239,Clayhall,Clayhall,609/2017
603,E05000511,E05011239,Clayhall,Roding,609/2017
604,E05000515,E05011239,Clayhall,Wanstead,609/2017
605,E05000501,E05011240,Clementswood,Clementswood,609/2017
606,E05000507,E05011240,Clementswood,Loxford,609/2017
607,E05000508,E05011240,Clementswood,Mayfield,609/2017
608,E05000510,E05011241,Cranbrook,Newbury,609/2017
609,E05000502,E05011241,Cranbrook,Cranbrook,609/2017
610,E05000503,E05011242,Fairlop,Fairlop,609/2017
611,E05000504,E05011242,Fairlop,Fullwell,609/2017
612,E05000500,E05011243,Fullwell,Clayhall,609/2017
613,E05000504,E05011243,Fullwell,Fullwell,609/2017
614,E05000511,E05011243,Fullwell,Roding,609/2017
615,E05000505,E05011244,Goodmayes,Goodmayes,609/2017
616,E05000512,E05011244,Goodmayes,Seven Kings,609/2017
617,E05000506,E05011245,Hainault,Hainault,609/2017
618,E05000510,E05011246,Ilford Town,Newbury,609/2017
619,E05000514,E05011246,Ilford Town,Valentines,609/2017
620,E05000501,E05011246,Ilford Town,Clementswood,609/2017
621,E05000507,E05011246,Ilford Town,Loxford,609/2017
622,E05000507,E05011247,Loxford,Loxford,609/2017
623,E05000508,E05011248,Mayfield,Mayfield,609/2017
624,E05000509,E05011249,Monkhams,Monkhams,609/2017
625,E05000510,E05011250,Newbury,Newbury,609/2017
626,E05000512,E05011250,Newbury,Seven Kings,609/2017
627,E05000512,E05011251,Seven Kings,Seven Kings,609/2017
628,E05000511,E05011252,South Woodford,Roding,609/2017
629,E05000513,E05011252,South Woodford,Snaresbrook,609/2017
630,E05000499,E05011252,South Woodford,Church End,609/2017
631,E05000510,E05011253,Valentines,Newbury,609/2017
632,E05000514,E05011253,Valentines,Valentines,609/2017
633,E05000502,E05011253,Valentines,Cranbrook,609/2017
634,E05000502,E05011254,Wanstead Park,Cranbrook,609/2017
635,E05000514,E05011254,Wanstead Park,Valentines,609/2017
636,E05000515,E05011254,Wanstead Park,Wanstead,609/2017
637,E05000500,E05011255,Wanstead Village,Clayhall,609/2017
638,E05000513,E05011255,Wanstead Village,Snaresbrook,609/2017
639,E05000515,E05011255,Wanstead Village,Wanstead,609/2017
640,E05008576,E05011256,Alconbury,Ellington,480/2017
641,E05002784,E05011256,Alconbury,Sawtry,480/2017
642,E05008525,E05011256,Alconbury,Alconbury and The Stukeleys,480/2017
643,E05002763,E05011257,Brampton,Brampton,480/2017
644,E05008529,E05011257,Brampton,Huntingdon West,480/2017
645,E05008526,E05011258,Buckden,Buckden,480/2017
646,E05008535,E05011259,Fenstanton,The Hemingfords,480/2017
647,E05008577,E05011259,Fenstanton,Fenstanton,480/2017
648,E05008535,E05011260,Godmanchester & Hemingford Abbots,The Hemingfords,480/2017
649,E05002769,E05011260,Godmanchester & Hemingford Abbots,Godmanchester,480/2017
650,E05008528,E05011260,Godmanchester & Hemingford Abbots,Gransden and The Offords,480/2017
651,E05008528,E05011261,Great Paxton,Gransden and The Offords,480/2017
652,E05008576,E05011262,Great Staughton,Ellington,480/2017
653,E05008578,E05011262,Great Staughton,Kimbolton and Staughton,480/2017
654,E05002763,E05011262,Great Staughton,Brampton,480/2017
655,E05008535,E05011263,Hemingford Grey & Houghton,The Hemingfords,480/2017
656,E05008584,E05011263,Hemingford Grey & Houghton,Upwood and The Raveleys,480/2017
657,E05008527,E05011264,Holywell-cum-Needingworth,Earith,480/2017
658,E05008938,E05011264,Holywell-cum-Needingworth,Somersham,480/2017
659,E05002771,E05011265,Huntingdon East,Huntingdon East,480/2017
660,E05008529,E05011266,Huntingdon North,Huntingdon West,480/2017
661,E05002772,E05011266,Huntingdon North,Huntingdon North,480/2017
662,E05002771,E05011266,Huntingdon North,Huntingdon East,480/2017
663,E05008576,E05011267,Kimbolton,Ellington,480/2017
664,E05008578,E05011267,Kimbolton,Kimbolton and Staughton,480/2017
665,E05008531,E05011268,Ramsey,Ramsey,480/2017
666,E05008939,E05011268,Ramsey,Warboys and Bury,480/2017
667,E05002779,E05011269,St Ives East,St Ives West,480/2017
668,E05008937,E05011269,St Ives East,St Ives East,480/2017
669,E05008577,E05011270,St Ives South,Fenstanton,480/2017
670,E05008580,E05011270,St Ives South,St Ives South,480/2017
671,E05002779,E05011271,St Ives West,St Ives West,480/2017
672,E05008582,E05011272,St Neots East,St Neots Priory Park,480/2017
673,E05002781,E05011273,St Neots Eatons,St Neots Eaton Socon,480/2017
674,E05008581,E05011273,St Neots Eatons,St Neots Eaton Ford,480/2017
675,E05008533,E05011274,St Neots Eynesbury,St Neots Eynesbury,480/2017
676,E05008582,E05011274,St Neots Eynesbury,St Neots Priory Park,480/2017
677,E05008582,E05011275,St Neots Priory Park & Little Paxton,St Neots Priory Park,480/2017
678,E05008579,E05011275,St Neots Priory Park & Little Paxton,Little Paxton,480/2017
679,E05008581,E05011275,St Neots Priory Park & Little Paxton,St Neots Eaton Ford,480/2017
680,E05008584,E05011276,Sawtry,Upwood and The Raveleys,480/2017
681,E05002784,E05011276,Sawtry,Sawtry,480/2017
682,E05008938,E05011277,Somersham,Somersham,480/2017
683,E05002767,E05011278,"Stilton, Folksworth & Washingley",Elton and Folksworth,480/2017
684,E05002784,E05011278,"Stilton, Folksworth & Washingley",Sawtry,480/2017
685,E05002786,E05011278,"Stilton, Folksworth & Washingley",Stilton,480/2017
686,E05008525,E05011279,The Stukeleys,Alconbury and The Stukeleys,480/2017
687,E05008529,E05011279,The Stukeleys,Huntingdon West,480/2017
688,E05008938,E05011280,Warboys,Somersham,480/2017
689,E05008939,E05011280,Warboys,Warboys and Bury,480/2017
690,E05008584,E05011280,Warboys,Upwood and The Raveleys,480/2017
691,E05002790,E05011281,Yaxley,Yaxley and Farcet,480/2017
692,E05002791,E05011282,Balsham,Balsham,479/2017
693,E05002792,E05011283,Bar Hill,Bar Hill,479/2017
694,E05002806,E05011284,Barrington,Haslingfield and The Eversdens,479/2017
695,E05002813,E05011284,Barrington,Orwell and Barrington,479/2017
696,E05002794,E05011285,Bassingbourn,Bassingbourn,479/2017
697,E05002802,E05011286,Caldecote,Gamlingay,479/2017
698,E05002795,E05011286,Caldecote,Bourn,479/2017
699,E05002796,E05011286,Caldecote,Caldecote,479/2017
700,E05002795,E05011287,Cambourne,Bourn,479/2017
701,E05002792,E05011288,Caxton & Papworth,Bar Hill,479/2017
702,E05002795,E05011288,Caxton & Papworth,Bourn,479/2017
703,E05002814,E05011288,Caxton & Papworth,Papworth and Elsworth,479/2017
704,E05002798,E05011289,Cottenham,Cottenham,479/2017
705,E05002799,E05011290,Duxford,Duxford,479/2017
706,E05002818,E05011290,Duxford,The Abingtons,479/2017
707,E05002821,E05011291,Fen Ditton & Fulbourn,The Wilbrahams,479/2017
708,E05002801,E05011291,Fen Ditton & Fulbourn,Fulbourn,479/2017
709,E05002817,E05011291,Fen Ditton & Fulbourn,Teversham,479/2017
710,E05002800,E05011292,Foxton,Fowlmere and Foxton,479/2017
711,E05002810,E05011292,Foxton,Melbourn,479/2017
712,E05002802,E05011293,Gamlingay,Gamlingay,479/2017
713,E05002792,E05011294,Girton,Bar Hill,479/2017
714,E05002793,E05011294,Girton,Barton,479/2017
715,E05002803,E05011294,Girton,Girton,479/2017
716,E05002796,E05011295,Hardwick,Caldecote,479/2017
717,E05002804,E05011295,Hardwick,Hardwick,479/2017
718,E05002806,E05011296,Harston & Comberton,Haslingfield and The Eversdens,479/2017
719,E05002805,E05011296,Harston & Comberton,Harston and Hauxton,479/2017
720,E05002797,E05011296,Harston & Comberton,Comberton,479/2017
721,E05002793,E05011296,Harston & Comberton,Barton,479/2017
722,E05002807,E05011297,Histon & Impington,Histon and Impington,479/2017
723,E05002791,E05011298,Linton,Balsham,479/2017
724,E05002808,E05011298,Linton,Linton,479/2017
725,E05002818,E05011298,Linton,The Abingtons,479/2017
726,E05002798,E05011299,Longstanton,Cottenham,479/2017
727,E05002809,E05011299,Longstanton,Longstanton,479/2017
728,E05002810,E05011300,Melbourn,Melbourn,479/2017
729,E05002811,E05011300,Melbourn,Meldreth,479/2017
730,E05002794,E05011300,Melbourn,Bassingbourn,479/2017
731,E05002812,E05011301,Milton & Waterbeach,Milton,479/2017
732,E05002822,E05011301,Milton & Waterbeach,Waterbeach,479/2017
733,E05002807,E05011301,Milton & Waterbeach,Histon and Impington,479/2017
734,E05002824,E05011302,Over & Willingham,Willingham and Over,479/2017
735,E05002815,E05011303,Sawston,Sawston,479/2017
736,E05002820,E05011304,Shelford,The Shelfords and Stapleford,479/2017
737,E05002816,E05011305,Swavesey,Swavesey,479/2017
738,E05002792,E05011305,Swavesey,Bar Hill,479/2017
739,E05002814,E05011305,Swavesey,Papworth and Elsworth,479/2017
740,E05002819,E05011306,The Mordens,The Mordens,479/2017
741,E05002794,E05011306,The Mordens,Bassingbourn,479/2017
742,E05002802,E05011306,The Mordens,Gamlingay,479/2017
743,E05002799,E05011307,Whittlesford,Duxford,479/2017
744,E05002820,E05011307,Whittlesford,The Shelfords and Stapleford,479/2017
745,E05002823,E05011307,Whittlesford,Whittlesford,479/2017
746,E05006239,E05011308,Bishop Monkton & Newby,Bishop Monkton,477/2017
747,E05006255,E05011308,Bishop Monkton & Newby,Newby,477/2017
748,E05006271,E05011308,Bishop Monkton & Newby,Wathvale,477/2017
749,E05006240,E05011309,Boroughbridge,Boroughbridge,477/2017
750,E05006241,E05011309,Boroughbridge,Claro,477/2017
751,E05006241,E05011310,Claro,Claro,477/2017
752,E05006261,E05011310,Claro,Ribston,477/2017
753,E05006239,E05011310,Claro,Bishop Monkton,477/2017
754,E05006239,E05011311,Fountains & Ripley,Bishop Monkton,477/2017
755,E05006246,E05011311,Fountains & Ripley,Killinghall,477/2017
756,E05006247,E05011311,Fountains & Ripley,Kirkby Malzeard,477/2017
757,E05006252,E05011311,Fountains & Ripley,Lower Nidderdale,477/2017
758,E05006272,E05011312,Harrogate Bilton Grange,Woodfield,477/2017
759,E05006256,E05011312,Harrogate Bilton Grange,New Park,477/2017
760,E05006238,E05011312,Harrogate Bilton Grange,Bilton,477/2017
761,E05006272,E05011313,Harrogate Bilton Woodfield,Woodfield,477/2017
762,E05006244,E05011314,Harrogate Central,High Harrogate,477/2017
763,E05006251,E05011314,Harrogate Central,Low Harrogate,477/2017
764,E05006244,E05011315,Harrogate Coppice Valley,High Harrogate,477/2017
765,E05006251,E05011315,Harrogate Coppice Valley,Low Harrogate,477/2017
766,E05006256,E05011315,Harrogate Coppice Valley,New Park,477/2017
767,E05006243,E05011316,Harrogate Duchy,Harlow Moor,477/2017
768,E05006266,E05011316,Harrogate Duchy,Saltergate,477/2017
769,E05006242,E05011317,Harrogate Fairfax,Granby,477/2017
770,E05006245,E05011317,Harrogate Fairfax,Hookstone,477/2017
771,E05006268,E05011317,Harrogate Fairfax,Starbeck,477/2017
772,E05006243,E05011318,Harrogate Harlow,Harlow Moor,477/2017
773,E05006265,E05011318,Harrogate Harlow,Rossett,477/2017
774,E05006242,E05011319,Harrogate High Harrogate,Granby,477/2017
775,E05006244,E05011319,Harrogate High Harrogate,High Harrogate,477/2017
776,E05006245,E05011320,Harrogate Hookstone,Hookstone,477/2017
777,E05006242,E05011321,Harrogate Kingsley,Granby,477/2017
778,E05006268,E05011321,Harrogate Kingsley,Starbeck,477/2017
779,E05006256,E05011322,Harrogate New Park,New Park,477/2017
780,E05006266,E05011322,Harrogate New Park,Saltergate,477/2017
781,E05006245,E05011323,Harrogate Oatlands,Hookstone,477/2017
782,E05006259,E05011323,Harrogate Oatlands,Pannal,477/2017
783,E05006269,E05011323,Harrogate Oatlands,Stray,477/2017
784,E05006238,E05011324,Harrogate Old Bilton,Bilton,477/2017
785,E05006259,E05011325,Harrogate Pannal,Pannal,477/2017
786,E05006265,E05011325,Harrogate Pannal,Rossett,477/2017
787,E05006265,E05011326,Harrogate St Georges,Rossett,477/2017
788,E05006269,E05011326,Harrogate St Georges,Stray,477/2017
789,E05006266,E05011327,Harrogate Saltergate,Saltergate,477/2017
790,E05006268,E05011328,Harrogate Starbeck,Starbeck,477/2017
791,E05006272,E05011328,Harrogate Starbeck,Woodfield,477/2017
792,E05006242,E05011329,Harrogate Stray,Granby,477/2017
793,E05006245,E05011329,Harrogate Stray,Hookstone,477/2017
794,E05006269,E05011329,Harrogate Stray,Stray,477/2017
795,E05006243,E05011330,Harrogate Valley Gardens,Harlow Moor,477/2017
796,E05006251,E05011330,Harrogate Valley Gardens,Low Harrogate,477/2017
797,E05006246,E05011331,Killinghall & Hampsthwaite,Killinghall,477/2017
798,E05006249,E05011332,Knaresborough Aspin & Calcutt,Knaresborough King James,477/2017
799,E05006249,E05011333,Knaresborough Castle,Knaresborough King James,477/2017
800,E05006250,E05011333,Knaresborough Castle,Knaresborough Scriven Park,477/2017
801,E05006248,E05011333,Knaresborough Castle,Knaresborough East,477/2017
802,E05006248,E05011334,Knaresborough Eastfield,Knaresborough East,477/2017
803,E05006250,E05011335,Knaresborough Scriven Park,Knaresborough Scriven Park,477/2017
804,E05006253,E05011336,Marston Moor,Marston Moor,477/2017
805,E05006261,E05011336,Marston Moor,Ribston,477/2017
806,E05006247,E05011337,Masham & Kirkby Malzeard,Kirkby Malzeard,477/2017
807,E05006254,E05011337,Masham & Kirkby Malzeard,Mashamshire,477/2017
808,E05006252,E05011338,Nidd Valley,Lower Nidderdale,477/2017
809,E05006257,E05011338,Nidd Valley,Nidd Valley,477/2017
810,E05006241,E05011339,Ouseburn,Claro,477/2017
811,E05006258,E05011339,Ouseburn,Ouseburn,477/2017
812,E05006260,E05011340,Pateley Bridge & Nidderdale Moors,Pateley Bridge,477/2017
813,E05006257,E05011340,Pateley Bridge & Nidderdale Moors,Nidd Valley,477/2017
814,E05006262,E05011341,Ripon Minster,Ripon Minster,477/2017
815,E05006263,E05011341,Ripon Minster,Ripon Moorside,477/2017
816,E05006262,E05011342,Ripon Moorside,Ripon Minster,477/2017
817,E05006263,E05011342,Ripon Moorside,Ripon Moorside,477/2017
818,E05006264,E05011343,Ripon Spa,Ripon Spa,477/2017
819,E05006264,E05011344,Ripon Ure Bank,Ripon Spa,477/2017
820,E05006262,E05011344,Ripon Ure Bank,Ripon Minster,477/2017
821,E05006267,E05011345,Spofforth with Lower Wharfedale,Spofforth with Lower Wharfedale,477/2017
822,E05006261,E05011345,Spofforth with Lower Wharfedale,Ribston,477/2017
823,E05006267,E05011346,Washburn,Spofforth with Lower Wharfedale,477/2017
824,E05006270,E05011346,Washburn,Washburn,477/2017
825,E05006247,E05011347,Wathvale,Kirkby Malzeard,477/2017
826,E05006255,E05011347,Wathvale,Newby,477/2017
827,E05006271,E05011347,Wathvale,Wathvale,477/2017
828,E05010919,E05011348,"Adderbury, Bloxham and Bodicote","Adderbury, Bloxham and Bodicote",120/2017
829,E05010920,E05011349,Banbury Calthorpe and Easington,Banbury Calthorpe and Easington,120/2017
830,E05000687,E05011350,Ancoats & Beswick,Ancoats and Clayton,1068/2017
831,E05000690,E05011350,Ancoats & Beswick,Bradford,1068/2017
832,E05000710,E05011351,Ardwick,Moss Side,1068/2017
833,E05000688,E05011351,Ardwick,Ardwick,1068/2017
834,E05000689,E05011352,Baguley,Baguley,1068/2017
835,E05000691,E05011353,Brooklands,Brooklands,1068/2017
836,E05000712,E05011353,Brooklands,Northenden,1068/2017
837,E05000692,E05011354,Burnage,Burnage,1068/2017
838,E05000707,E05011354,Burnage,Levenshulme,1068/2017
839,E05000711,E05011355,Charlestown,Moston,1068/2017
840,E05000693,E05011355,Charlestown,Charlestown,1068/2017
841,E05000694,E05011356,Cheetham,Cheetham,1068/2017
842,E05000695,E05011357,Chorlton,Chorlton,1068/2017
843,E05000716,E05011357,Chorlton,Whalley Range,1068/2017
844,E05000695,E05011358,Chorlton Park,Chorlton,1068/2017
845,E05000696,E05011358,Chorlton Park,Chorlton Park,1068/2017
846,E05000716,E05011358,Chorlton Park,Whalley Range,1068/2017
847,E05000687,E05011359,Clayton & Openshaw,Ancoats and Clayton,1068/2017
848,E05000690,E05011359,Clayton & Openshaw,Bradford,1068/2017
849,E05000698,E05011360,Crumpsall,Crumpsall,1068/2017
850,E05000694,E05011360,Crumpsall,Cheetham,1068/2017
851,E05000694,E05011361,Deansgate,Cheetham,1068/2017
852,E05000697,E05011361,Deansgate,City Centre,1068/2017
853,E05000692,E05011362,Didsbury East,Burnage,1068/2017
854,E05000699,E05011362,Didsbury East,Didsbury East,1068/2017
855,E05000696,E05011363,Didsbury West,Chorlton Park,1068/2017
856,E05000700,E05011363,Didsbury West,Didsbury West,1068/2017
857,E05000714,E05011364,Fallowfield,Rusholme,1068/2017
858,E05000701,E05011364,Fallowfield,Fallowfield,1068/2017
859,E05000707,E05011364,Fallowfield,Levenshulme,1068/2017
860,E05000710,E05011364,Fallowfield,Moss Side,1068/2017
861,E05000703,E05011365,Gorton & Abbey Hey,Gorton South,1068/2017
862,E05000702,E05011365,Gorton & Abbey Hey,Gorton North,1068/2017
863,E05000694,E05011366,Harpurhey,Cheetham,1068/2017
864,E05000698,E05011366,Harpurhey,Crumpsall,1068/2017
865,E05000704,E05011366,Harpurhey,Harpurhey,1068/2017
866,E05000698,E05011367,Higher Blackley,Crumpsall,1068/2017
867,E05000705,E05011367,Higher Blackley,Higher Blackley,1068/2017
868,E05000688,E05011368,Hulme,Ardwick,1068/2017
869,E05000706,E05011368,Hulme,Hulme,1068/2017
870,E05000703,E05011369,Levenshulme,Gorton South,1068/2017
871,E05000707,E05011369,Levenshulme,Levenshulme,1068/2017
872,E05000703,E05011370,Longsight,Gorton South,1068/2017
873,E05000708,E05011370,Longsight,Longsight,1068/2017
874,E05000702,E05011370,Longsight,Gorton North,1068/2017
875,E05000687,E05011371,Miles Platting & Newton Heath,Ancoats and Clayton,1068/2017
876,E05000709,E05011371,Miles Platting & Newton Heath,Miles Platting and Newton Heath,1068/2017
877,E05000710,E05011372,Moss Side,Moss Side,1068/2017
878,E05000714,E05011372,Moss Side,Rusholme,1068/2017
879,E05000711,E05011373,Moston,Moston,1068/2017
880,E05000704,E05011373,Moston,Harpurhey,1068/2017
881,E05000712,E05011374,Northenden,Northenden,1068/2017
882,E05000700,E05011375,Old Moat,Didsbury West,1068/2017
883,E05000713,E05011375,Old Moat,Old Moat,1068/2017
884,E05000687,E05011376,Piccadilly,Ancoats and Clayton,1068/2017
885,E05000697,E05011376,Piccadilly,City Centre,1068/2017
886,E05000707,E05011377,Rusholme,Levenshulme,1068/2017
887,E05000708,E05011377,Rusholme,Longsight,1068/2017
888,E05000714,E05011377,Rusholme,Rusholme,1068/2017
889,E05000715,E05011378,Sharston,Sharston,1068/2017
890,E05000701,E05011379,Whalley Range,Fallowfield,1068/2017
891,E05000710,E05011379,Whalley Range,Moss Side,1068/2017
892,E05000716,E05011379,Whalley Range,Whalley Range,1068/2017
893,E05000699,E05011380,Withington,Didsbury East,1068/2017
894,E05000717,E05011380,Withington,Withington,1068/2017
895,E05000715,E05011381,Woodhouse Park,Sharston,1068/2017
896,E05000718,E05011381,Woodhouse Park,Woodhouse Park,1068/2017
897,E05001411,E05011382,Adel & Wharfedale,Adel and Wharfedale,1077/2017
898,E05001437,E05011382,Adel & Wharfedale,Otley and Yeadon,1077/2017
899,E05001442,E05011382,Adel & Wharfedale,Weetwood,1077/2017
900,E05001412,E05011383,Alwoodley,Alwoodley,1077/2017
901,E05001433,E05011384,Ardsley & Robin Hood,Middleton Park,1077/2017
902,E05001413,E05011384,Ardsley & Robin Hood,Ardsley and Robin Hood,1077/2017
903,E05001414,E05011385,Armley,Armley,1077/2017
904,E05001415,E05011385,Armley,Beeston and Holbeck,1077/2017
905,E05001415,E05011386,Beeston & Holbeck,Beeston and Holbeck,1077/2017
906,E05001420,E05011386,Beeston & Holbeck,City and Hunslet,1077/2017
907,E05001433,E05011386,Beeston & Holbeck,Middleton Park,1077/2017
908,E05001414,E05011387,Bramley & Stanningley,Armley,1077/2017
909,E05001416,E05011387,Bramley & Stanningley,Bramley and Stanningley,1077/2017
910,E05001417,E05011388,Burmantofts & Richmond Hill,Burmantofts and Richmond Hill,1077/2017
911,E05001420,E05011388,Burmantofts & Richmond Hill,City and Hunslet,1077/2017
912,E05001418,E05011389,Calverley & Farsley,Calverley and Farsley,1077/2017
913,E05001416,E05011389,Calverley & Farsley,Bramley and Stanningley,1077/2017
914,E05001419,E05011390,Chapel Allerton,Chapel Allerton,1077/2017
915,E05001421,E05011391,Cross Gates & Whinmoor,Cross Gates and Whinmoor,1077/2017
916,E05001422,E05011392,Farnley & Wortley,Farnley and Wortley,1077/2017
917,E05001423,E05011393,Garforth & Swillington,Garforth and Swillington,1077/2017
918,E05001424,E05011394,Gipton & Harehills,Gipton and Harehills,1077/2017
919,E05001425,E05011395,Guiseley & Rawdon,Guiseley and Rawdon,1077/2017
920,E05001421,E05011396,Harewood,Cross Gates and Whinmoor,1077/2017
921,E05001426,E05011396,Harewood,Harewood,1077/2017
922,E05001427,E05011397,Headingley & Hyde Park,Headingley,1077/2017
923,E05001429,E05011397,Headingley & Hyde Park,Hyde Park and Woodhouse,1077/2017
924,E05001428,E05011398,Horsforth,Horsforth,1077/2017
925,E05001420,E05011399,Hunslet & Riverside,City and Hunslet,1077/2017
926,E05001430,E05011400,Killingbeck & Seacroft,Killingbeck and Seacroft,1077/2017
927,E05001431,E05011401,Kippax & Methley,Kippax and Methley,1077/2017
928,E05001416,E05011402,Kirkstall,Bramley and Stanningley,1077/2017
929,E05001432,E05011402,Kirkstall,Kirkstall,1077/2017
930,E05001420,E05011403,Little London & Woodhouse,City and Hunslet,1077/2017
931,E05001429,E05011403,Little London & Woodhouse,Hyde Park and Woodhouse,1077/2017
932,E05001433,E05011404,Middleton Park,Middleton Park,1077/2017
933,E05001413,E05011404,Middleton Park,Ardsley and Robin Hood,1077/2017
934,E05001434,E05011405,Moortown,Moortown,1077/2017
935,E05001422,E05011406,Morley North,Farnley and Wortley,1077/2017
936,E05001435,E05011406,Morley North,Morley North,1077/2017
937,E05001436,E05011407,Morley South,Morley South,1077/2017
938,E05001437,E05011408,Otley & Yeadon,Otley and Yeadon,1077/2017
939,E05001438,E05011409,Pudsey,Pudsey,1077/2017
940,E05001418,E05011409,Pudsey,Calverley and Farsley,1077/2017
941,E05001439,E05011410,Rothwell,Rothwell,1077/2017
942,E05001413,E05011410,Rothwell,Ardsley and Robin Hood,1077/2017
943,E05001440,E05011411,Roundhay,Roundhay,1077/2017
944,E05001441,E05011412,Temple Newsam,Temple Newsam,1077/2017
945,E05001434,E05011413,Weetwood,Moortown,1077/2017
946,E05001442,E05011413,Weetwood,Weetwood,1077/2017
947,E05001443,E05011414,Wetherby,Wetherby,1077/2017
948,E05006964,E05011415,Audley,Audley and Bignall End,1079/2017
949,E05006970,E05011415,Audley,Halmerend,1079/2017
950,E05006965,E05011416,Bradwell,Bradwell,1079/2017
951,E05006979,E05011416,Bradwell,Porthill,1079/2017
952,E05006968,E05011417,Clayton,Clayton,1079/2017
953,E05006967,E05011418,Crackley & Red Street,Chesterton,1079/2017
954,E05006969,E05011419,Cross Heath,Cross Heath,1079/2017
955,E05006967,E05011420,Holditch & Chesterton,Chesterton,1079/2017
956,E05006971,E05011420,Holditch & Chesterton,Holditch,1079/2017
957,E05006972,E05011421,Keele,Keele,1079/2017
958,E05006966,E05011422,Kidsgrove & Ravenscliffe,Butt Lane,1079/2017
959,E05006973,E05011422,Kidsgrove & Ravenscliffe,Kidsgrove,1079/2017
960,E05006980,E05011422,Kidsgrove & Ravenscliffe,Ravenscliffe,1079/2017
961,E05006974,E05011423,Knutton,Knutton and Silverdale,1079/2017
962,E050069875,E05011424,Loggerheads,Loggerheads and Whitmore,1079/2017
963,E05006970,E05011425,Madeley & Betley,Halmerend,1079/2017
964,E05006976,E05011425,Madeley & Betley,Madeley,1079/2017
965,E05006975,E05011426,Maer & Whitmore,Loggerheads and Whitmore,1079/2017
966,E05006969,E05011427,May Bank,Cross Heath,1079/2017
967,E05006977,E05011427,May Bank,May Bank,1079/2017
968,E050069875,E05011427,May Bank,Wolstanton,1079/2017
969,E05006973,E05011428,Newchapel & Mow Cop,Kidsgrove,1079/2017
970,E05006978,E05011428,Newchapel & Mow Cop,Newchapel,1079/2017
971,E05006974,E05011429,Silverdale,Knutton and Silverdale,1079/2017
972,E05006982,E05011429,Silverdale,Silverdale and Parksite,1079/2017
973,E05006983,E05011430,Talke & Butt Lane,Talke,1079/2017
974,E05006966,E05011430,Talke & Butt Lane,Butt Lane,1079/2017
975,E05006984,E05011431,Thistleberry,Thistleberry,1079/2017
976,E05006969,E05011432,Town,Cross Heath,1079/2017
977,E05006984,E05011432,Town,Thistleberry,1079/2017
978,E05006985,E05011432,Town,Town,1079/2017
979,E05006968,E05011433,Westbury Park & Northwood,Clayton,1079/2017
980,E05006981,E05011433,Westbury Park & Northwood,Seabridge,1079/2017
981,E05006968,E05011434,Westlands,Clayton,1079/2017
982,E05006986,E05011434,Westlands,Westlands,1079/2017
983,E05006984,E05011434,Westlands,Thistleberry,1079/2017
984,E05006981,E05011434,Westlands,Seabridge,1079/2017
985,E05006969,E05011435,Wolstanton,Cross Heath,1079/2017
986,E05006971,E05011435,Wolstanton,Holditch,1079/2017
987,E05006977,E05011435,Wolstanton,May Bank,1079/2017
988,E05006979,E05011435,Wolstanton,Porthill,1079/2017
989,E050069875,E05011435,Wolstanton,Wolstanton,1079/2017
990,E05001113,E05011436,Arthur's Hill,Wingrove,1080/2017
991,E05001111,E05011436,Arthur's Hill,Westgate,1080/2017
992,E05001089,E05011437,Benwell & Scotswood,Benwell and Scotswood,1080/2017
993,E05001096,E05011437,Benwell & Scotswood,Elswick,1080/2017
994,E05001090,E05011438,Blakelaw,Blakelaw,1080/2017
995,E05001099,E05011438,Blakelaw,Kenton,1080/2017
996,E05001091,E05011439,Byker,Byker,1080/2017
997,E05001106,E05011439,Byker,South Heaton,1080/2017
998,E05001108,E05011439,Byker,Walker,1080/2017
999,E05001101,E05011440,Callerton & Throckley,Newburn,1080/2017
1000,E05001114,E05011440,Callerton & Throckley,Woolsington,1080/2017
1001,E05001092,E05011441,Castle,Castle,1080/2017
1002,E05001114,E05011441,Castle,Woolsington,1080/2017
1003,E05001094,E05011442,Chapel,Denton,1080/2017
1004,E05001101,E05011442,Chapel,Newburn,1080/2017
1005,E05001110,E05011442,Chapel,Westerhope,1080/2017
1006,E05001093,E05011443,Dene & South Gosforth,Dene,1080/2017
1007,E05001095,E05011443,Dene & South Gosforth,East Gosforth,1080/2017
1008,E05001102,E05011443,Dene & South Gosforth,North Heaton,1080/2017
1009,E05001103,E05011443,Dene & South Gosforth,North Jesmond,1080/2017
1010,E05001110,E05011444,Denton & Westerhope,Westerhope,1080/2017
1011,E05001114,E05011444,Denton & Westerhope,Woolsington,1080/2017
1012,E05001094,E05011444,Denton & Westerhope,Denton,1080/2017
1013,E05001096,E05011445,Elswick,Elswick,1080/2017
1014,E05001111,E05011445,Elswick,Westgate,1080/2017
1015,E05001089,E05011445,Elswick,Benwell and Scotswood,1080/2017
1016,E05001097,E05011446,Fawdon & West Gosforth,Fawdon,1080/2017
1017,E05001112,E05011446,Fawdon & West Gosforth,West Gosforth,1080/2017
1018,E05001095,E05011447,Gosforth,East Gosforth,1080/2017
1019,E05001112,E05011447,Gosforth,West Gosforth,1080/2017
1020,E05001104,E05011448,Heaton,Ouseburn,1080/2017
1021,E05001106,E05011448,Heaton,South Heaton,1080/2017
1022,E05001102,E05011448,Heaton,North Heaton,1080/2017
1023,E05001107,E05011448,Heaton,South Jesmond,1080/2017
1024,E05001097,E05011449,Kenton,Fawdon,1080/2017
1025,E05001099,E05011449,Kenton,Kenton,1080/2017
1026,E05001092,E05011450,Kingston Park South & Newbiggin Hall,Castle,1080/2017
1027,E05001114,E05011450,Kingston Park South & Newbiggin Hall,Woolsington,1080/2017
1028,E05001100,E05011451,Lemington,Lemington,1080/2017
1029,E05001101,E05011451,Lemington,Newburn,1080/2017
1030,E05001102,E05011452,Manor Park,North Heaton,1080/2017
1031,E05001093,E05011452,Manor Park,Dene,1080/2017
1032,E05001113,E05011453,Monument,Wingrove,1080/2017
1033,E05001111,E05011453,Monument,Westgate,1080/2017
1034,E05001107,E05011453,Monument,South Jesmond,1080/2017
1035,E05001096,E05011453,Monument,Elswick,1080/2017
1036,E05001104,E05011453,Monument,Ouseburn,1080/2017
1037,E05001103,E05011454,North Jesmond,North Jesmond,1080/2017
1038,E05001107,E05011454,North Jesmond,South Jesmond,1080/2017
1039,E05001104,E05011455,Ouseburn,Ouseburn,1080/2017
1040,E05001105,E05011456,Parklands,Parklands,1080/2017
1041,E05001095,E05011456,Parklands,East Gosforth,1080/2017
1042,E05001092,E05011456,Parklands,Castle,1080/2017
1043,E05001104,E05011457,South Jesmond,Ouseburn,1080/2017
1044,E05001107,E05011457,South Jesmond,South Jesmond,1080/2017
1045,E05001103,E05011457,South Jesmond,North Jesmond,1080/2017
1046,E05001091,E05011458,Walker,Byker,1080/2017
1047,E05001108,E05011458,Walker,Walker,1080/2017
1048,E05001091,E05011459,Walkergate,Byker,1080/2017
1049,E05001106,E05011459,Walkergate,South Heaton,1080/2017
1050,E05001109,E05011459,Walkergate,Walkergate,1080/2017
1051,E05001090,E05011460,West Fenham,Blakelaw,1080/2017
1052,E05001098,E05011460,West Fenham,Fenham,1080/2017
1053,E05001098,E05011461,Wingrove,Fenham,1080/2017
1054,E05001113,E05011461,Wingrove,Wingrove,1080/2017
1055,E05001090,E05011461,Wingrove,Blakelaw,1080/2017
1056,E05000146,E05011462,Addiscombe East,Addiscombe,1125/2017
1057,E05000147,E05011462,Addiscombe East,Ashburton,1125/2017
1058,E05000146,E05011463,Addiscombe West,Addiscombe,1125/2017
1059,E05000153,E05011463,Addiscombe West,Fairfield,1125/2017
1060,E05000169,E05011463,Addiscombe West,Woodside,1125/2017
1061,E05000148,E05011464,Bensham Manor,Bensham Manor,1125/2017
1062,E05000149,E05011465,Broad Green,Broad Green,1125/2017
1063,E05000161,E05011465,Broad Green,Selhurst,1125/2017
1064,E05000150,E05011466,Coulsdon Town,Coulsdon East,1125/2017
1065,E05000151,E05011466,Coulsdon Town,Coulsdon West,1125/2017
1066,E05000164,E05011467,Crystal Palace & Upper Norwood,South Norwood,1125/2017
1067,E05000165,E05011467,Crystal Palace & Upper Norwood,Thornton Heath,1125/2017
1068,E05000166,E05011467,Crystal Palace & Upper Norwood,Upper Norwood,1125/2017
1069,E05000149,E05011468,Fairfield,Broad Green,1125/2017
1070,E05000153,E05011468,Fairfield,Fairfield,1125/2017
1071,E05000160,E05011469,Kenley,Sanderstead,1125/2017
1072,E05000156,E05011469,Kenley,Kenley,1125/2017
1073,E05000154,E05011470,New Addington North,Fieldway,1125/2017
1074,E05000157,E05011471,New Addington South,New Addington,1125/2017
1075,E05000154,E05011471,New Addington South,Fieldway,1125/2017
1076,E05000158,E05011472,Norbury & Pollards Hill,Norbury,1125/2017
1077,E05000158,E05011473,Norbury Park,Norbury,1125/2017
1078,E05000166,E05011473,Norbury Park,Upper Norwood,1125/2017
1079,E05000150,E05011474,Old Coulsdon,Coulsdon East,1125/2017
1080,E05000156,E05011474,Old Coulsdon,Kenley,1125/2017
1081,E05000153,E05011475,Park Hill & Whitgift,Fairfield,1125/2017
1082,E05000159,E05011476,Purley & Woodcote,Purley,1125/2017
1083,E05000156,E05011476,Purley & Woodcote,Kenley,1125/2017
1084,E05000151,E05011476,Purley & Woodcote,Coulsdon West,1125/2017
1085,E05000150,E05011476,Purley & Woodcote,Coulsdon East,1125/2017
1086,E05000152,E05011477,Purley Oaks & Riddlesdown,Croham,1125/2017
1087,E05000156,E05011477,Purley Oaks & Riddlesdown,Kenley,1125/2017
1088,E05000159,E05011477,Purley Oaks & Riddlesdown,Purley,1125/2017
1089,E05000160,E05011477,Purley Oaks & Riddlesdown,Sanderstead,1125/2017
1090,E05000167,E05011477,Purley Oaks & Riddlesdown,Waddon,1125/2017
1091,E05000160,E05011478,Sanderstead,Sanderstead,1125/2017
1092,E05000162,E05011478,Sanderstead,Selsdon and Ballards,1125/2017
1093,E05000152,E05011478,Sanderstead,Croham,1125/2017
1094,E05000161,E05011479,Selhurst,Selhurst,1125/2017
1095,E05000155,E05011480,Selsdon & Addington Village,Heathfield,1125/2017
1096,E05000162,E05011480,Selsdon & Addington Village,Selsdon and Ballards,1125/2017
1097,E05000155,E05011481,Selsdon Vale & Forestdale,Heathfield,1125/2017
1098,E05000162,E05011481,Selsdon Vale & Forestdale,Selsdon and Ballards,1125/2017
1099,E05000147,E05011482,Shirley North,Ashburton,1125/2017
1100,E05000155,E05011482,Shirley North,Heathfield,1125/2017
1101,E05000163,E05011482,Shirley North,Shirley,1125/2017
1102,E05000153,E05011483,Shirley South,Fairfield,1125/2017
1103,E05000163,E05011483,Shirley South,Shirley,1125/2017
1104,E05000155,E05011483,Shirley South,Heathfield,1125/2017
1105,E05000152,E05011484,South Croydon,Croham,1125/2017
1106,E05000153,E05011484,South Croydon,Fairfield,1125/2017
1107,E05000162,E05011484,South Croydon,Selsdon and Ballards,1125/2017
1108,E05000167,E05011484,South Croydon,Waddon,1125/2017
1109,E05000169,E05011485,South Norwood,Woodside,1125/2017
1110,E05000161,E05011485,South Norwood,Selhurst,1125/2017
1111,E05000164,E05011485,South Norwood,South Norwood,1125/2017
1112,E05000164,E05011486,Thornton Heath,South Norwood,1125/2017
1113,E05000165,E05011486,Thornton Heath,Thornton Heath,1125/2017
1114,E05000149,E05011487,Waddon,Broad Green,1125/2017
1115,E05000167,E05011487,Waddon,Waddon,1125/2017
1116,E05000168,E05011488,West Thornton,West Thornton,1125/2017
1117,E05000146,E05011489,Woodside,Addiscombe,1125/2017
1118,E05000169,E05011489,Woodside,Woodside,1125/2017
1119,E05003276,E05011490,Ambleside & Grasmere,Windermere Applethwaite and Troutbeck,1154/2017
1120,E05003235,E05011490,Ambleside & Grasmere,Ambleside and Grasmere,1154/2017
1121,E05003241,E05011490,Ambleside & Grasmere,Coniston and Crake Valley,1154/2017
1122,E05003236,E05011491,Arnside & Milnthorpe,Arnside and Beetham,1154/2017
1123,E05003265,E05011491,Arnside & Milnthorpe,Milnthorpe,1154/2017
1124,E05003261,E05011492,Bowness & Levens,Levens,1154/2017
1125,E05003263,E05011492,Bowness & Levens,Lyth Valley,1154/2017
1126,E05003267,E05011492,Bowness & Levens,Staveley-in-Cartmel,1154/2017
1127,E05003278,E05011492,Bowness & Levens,Windermere Bowness South,1154/2017
1128,E05003267,E05011493,Broughton & Coniston,Staveley-in-Cartmel,1154/2017
1129,E05003237,E05011493,Broughton & Coniston,Broughton,1154/2017
1130,E05003241,E05011493,Broughton & Coniston,Coniston and Crake Valley,1154/2017
1131,E05003245,E05011493,Broughton & Coniston,Hawkshead,1154/2017
1132,E05003239,E05011494,Burton & Crooklands,Burton and Holme,1154/2017
1133,E05003242,E05011494,Burton & Crooklands,Crooklands,1154/2017
1134,E05003240,E05011495,Cartmel,Cartmel and Grange West,1154/2017
1135,E05003246,E05011495,Cartmel,Holker,1154/2017
1136,E05003263,E05011495,Cartmel,Lyth Valley,1154/2017
1137,E05003267,E05011495,Cartmel,Staveley-in-Cartmel,1154/2017
1138,E05003262,E05011496,Furness Peninsula,Low Furness,1154/2017
1139,E05003264,E05011496,Furness Peninsula,Mid Furness,1154/2017
1140,E05003244,E05011497,Grange,Grange South,1154/2017
1141,E05003243,E05011497,Grange,Grange North,1154/2017
1142,E05003240,E05011497,Grange,Cartmel and Grange West,1154/2017
1143,E05003248,E05011498,Kendal East,Kendal Far Cross,1154/2017
1144,E05003250,E05011498,Kendal East,Kendal Heron Hill,1154/2017
1145,E05003254,E05011498,Kendal East,Kendal Nether,1154/2017
1146,E05003247,E05011498,Kendal East,Kendal Castle,1154/2017
1147,E05003259,E05011499,Kendal North,Kendal Strickland,1154/2017
1148,E05003260,E05011499,Kendal North,Kendal Underley,1154/2017
1149,E05003275,E05011500,Kendal Rural,Whinfell,1154/2017
1150,E05003238,E05011500,Kendal Rural,Burneside,1154/2017
1151,E05003268,E05011500,Kendal Rural,Staveley-in-Westmorland,1154/2017
1152,E05003256,E05011501,Kendal South & Natland,Kendal Parks,1154/2017
1153,E05003255,E05011501,Kendal South & Natland,Kendal Oxenholme and Natland,1154/2017
1154,E05003250,E05011501,Kendal South & Natland,Kendal Heron Hill,1154/2017
1155,E05003254,E05011501,Kendal South & Natland,Kendal Nether,1154/2017
1156,E05003249,E05011502,Kendal Town,Kendal Fell,1154/2017
1157,E05003251,E05011502,Kendal Town,Kendal Highgate,1154/2017
1158,E05003253,E05011502,Kendal Town,Kendal Mintsfeet,1154/2017
1159,E05003258,E05011503,Kendal West,Kendal Stonecross,1154/2017
1160,E05003252,E05011503,Kendal West,Kendal Kirkland,1154/2017
1161,E05003257,E05011503,Kendal West,Kendal Romney,1154/2017
1162,E05003266,E05011504,Sedbergh & Kirkby Lonsdale,Sedbergh and Kirkby Lonsdale,1154/2017
1163,E05003270,E05011505,Ulverston East,Ulverston East,1154/2017
1164,E05003273,E05011505,Ulverston East,Ulverston Town,1154/2017
1165,E05003269,E05011505,Ulverston East,Ulverston Central,1154/2017
1166,E05003271,E05011506,Ulverston West,Ulverston North,1154/2017
1167,E05003272,E05011506,Ulverston West,Ulverston South,1154/2017
1168,E05003274,E05011506,Ulverston West,Ulverston West,1154/2017
1169,E05003279,E05011507,Windermere,Windermere Town,1154/2017
1170,E05003276,E05011507,Windermere,Windermere Applethwaite and Troutbeck,1154/2017
1171,E05003277,E05011507,Windermere,Windermere Bowness North,1154/2017
1172,E05003278,E05011507,Windermere,Windermere Bowness South,1154/2017
1173,E05001637,E05011508,Audley & Queen's Park,Shadsworth with Whitebirk,1270/2017
1174,E05001620,E05011508,Audley & Queen's Park,Audley,1270/2017
1175,E05001635,E05011508,Audley & Queen's Park,Queen's Park,1270/2017
1176,E05001620,E05011509,Bastwell & Daisyfield,Audley,1270/2017
1177,E05001621,E05011509,Bastwell & Daisyfield,Bastwell,1270/2017
1178,E05001622,E05011510,Billinge & Beardwood,Beardwood with Lammack,1270/2017
1179,E05001623,E05011510,Billinge & Beardwood,Corporation Park,1270/2017
1180,E05001626,E05011511,Blackburn Central,Ewood,1270/2017
1181,E05001638,E05011511,Blackburn Central,Shear Brow,1270/2017
1182,E05001641,E05011511,Blackburn Central,Wensley Fold,1270/2017
1183,E05001635,E05011511,Blackburn Central,Queen's Park,1270/2017
1184,E05001620,E05011511,Blackburn Central,Audley,1270/2017
1185,E05001633,E05011511,Blackburn Central,Mill Hill,1270/2017
1186,E05001628,E05011511,Blackburn Central,Higher Croft,1270/2017
1187,E05001627,E05011512,Blackburn South & Lower Darwen,Fernhurst,1270/2017
1188,E05001628,E05011512,Blackburn South & Lower Darwen,Higher Croft,1270/2017
1189,E05001628,E05011513,Blackburn South East,Higher Croft,1270/2017
1190,E05001635,E05011513,Blackburn South East,Queen's Park,1270/2017
1191,E05001637,E05011513,Blackburn South East,Shadsworth with Whitebirk,1270/2017
1192,E05001624,E05011514,Darwen East,Earcroft,1270/2017
1193,E05001639,E05011514,Darwen East,Sudell,1270/2017
1194,E05001640,E05011514,Darwen East,Sunnyhurst,1270/2017
1195,E05001631,E05011515,Darwen South,Marsh House,1270/2017
1196,E05001640,E05011515,Darwen South,Sunnyhurst,1270/2017
1197,E05001642,E05011515,Darwen South,Whitehall,1270/2017
1198,E05001624,E05011516,Darwen West,Earcroft,1270/2017
1199,E05001634,E05011516,Darwen West,North Turton with Tockholes,1270/2017
1200,E05001640,E05011516,Darwen West,Sunnyhurst,1270/2017
1201,E05001626,E05011517,Ewood,Ewood,1270/2017
1202,E05001635,E05011517,Ewood,Queen's Park,1270/2017
1203,E05001632,E05011517,Ewood,Meadowhead,1270/2017
1204,E05001627,E05011517,Ewood,Fernhurst,1270/2017
1205,E05001620,E05011518,Little Harwood & Whitebirk,Audley,1270/2017
1206,E05001629,E05011518,Little Harwood & Whitebirk,Little Harwood,1270/2017
1207,E05001637,E05011518,Little Harwood & Whitebirk,Shadsworth with Whitebirk,1270/2017
1208,E05001630,E05011519,Livesey with Pleasington,Livesey with Pleasington,1270/2017
1209,E05001632,E05011519,Livesey with Pleasington,Meadowhead,1270/2017
1210,E05001632,E05011520,Mill Hill & Moorgate,Meadowhead,1270/2017
1211,E05001633,E05011520,Mill Hill & Moorgate,Mill Hill,1270/2017
1212,E05001621,E05011521,Roe Lee,Bastwell,1270/2017
1213,E05001636,E05011521,Roe Lee,Roe Lee,1270/2017
1214,E05001622,E05011521,Roe Lee,Beardwood with Lammack,1270/2017
1215,E05001629,E05011521,Roe Lee,Little Harwood,1270/2017
1216,E05001623,E05011522,Shear Brow & Corporation Park,Corporation Park,1270/2017
1217,E05001638,E05011522,Shear Brow & Corporation Park,Shear Brow,1270/2017
1218,E05001623,E05011523,Wensley Fold,Corporation Park,1270/2017
1219,E05001641,E05011523,Wensley Fold,Wensley Fold,1270/2017
1220,E05001642,E05011524,West Pennine,Whitehall,1270/2017
1221,E05001625,E05011524,West Pennine,East Rural,1270/2017
1222,E05001634,E05011524,West Pennine,North Turton with Tockholes,1270/2017
1223,E05001677,E05011525,Avenue,Myton,1266/2017
1224,E05001664,E05011525,Avenue,Avenue,1266/2017
1225,E05001665,E05011526,Beverley & Newland,Beverley,1266/2017
1226,E05001679,E05011526,Beverley & Newland,Newland,1266/2017
1227,E05001666,E05011527,Boothferry,Boothferry,1266/2017
1228,E05001678,E05011527,Boothferry,Newington,1266/2017
1229,E05001681,E05011527,Boothferry,Pickering,1266/2017
1230,E05001669,E05011528,Bricknell,Bricknell,1266/2017
1231,E05001679,E05011528,Bricknell,Newland,1266/2017
1232,E05001664,E05011529,Central,Avenue,1266/2017
1233,E05001677,E05011529,Central,Myton,1266/2017
1234,E05001679,E05011529,Central,Newland,1266/2017
1235,E05001666,E05011530,Derringham,Boothferry,1266/2017
1236,E05001670,E05011530,Derringham,Derringham,1266/2017
1237,E05001671,E05011531,Drypool,Drypool,1266/2017
1238,E05001671,E05011532,Holderness,Drypool,1266/2017
1239,E05001672,E05011532,Holderness,Holderness,1266/2017
1240,E05001685,E05011533,Ings,Sutton,1266/2017
1241,E05001673,E05011533,Ings,Ings,1266/2017
1242,E05001676,E05011533,Ings,Marfleet,1266/2017
1243,E05001674,E05011534,Kingswood,Kings Park,1266/2017
1244,E05001675,E05011535,Longhill & Bilton Grange,Longhill,1266/2017
1245,E05001673,E05011535,Longhill & Bilton Grange,Ings,1266/2017
1246,E05001676,E05011536,Marfleet,Marfleet,1266/2017
1247,E05001683,E05011536,Marfleet,Southcoates East,1266/2017
1248,E05001678,E05011537,Newington & Gipsyville,Newington,1266/2017
1249,E05001681,E05011537,Newington & Gipsyville,Pickering,1266/2017
1250,E05001682,E05011537,Newington & Gipsyville,St Andrew's,1266/2017
1251,E05001674,E05011538,North Carr,Kings Park,1266/2017
1252,E05001667,E05011538,North Carr,Bransholme East,1266/2017
1253,E05001668,E05011538,North Carr,Bransholme West,1266/2017
1254,E05001686,E05011539,Orchard Park,University,1266/2017
1255,E05001665,E05011539,Orchard Park,Beverley,1266/2017
1256,E05001680,E05011539,Orchard Park,Orchard Park and Greenwood,1266/2017
1257,E05001681,E05011540,Pickering,Pickering,1266/2017
1258,E05001677,E05011541,St Andrew's & Docklands,Myton,1266/2017
1259,E05001682,E05011541,St Andrew's & Docklands,St Andrew's,1266/2017
1260,E05001684,E05011542,Southcoates,Southcoates West,1266/2017
1261,E05001676,E05011542,Southcoates,Marfleet,1266/2017
1262,E05001683,E05011542,Southcoates,Southcoates East,1266/2017
1263,E05001685,E05011543,Sutton,Sutton,1266/2017
1264,E05001673,E05011543,Sutton,Ings,1266/2017
1265,E05001672,E05011543,Sutton,Holderness,1266/2017
1266,E05001668,E05011543,Sutton,Bransholme West,1266/2017
1267,E05001680,E05011544,University,Orchard Park and Greenwood,1266/2017
1268,E05001686,E05011544,University,University,1266/2017
1269,E05001668,E05011545,West Carr,Bransholme West,1266/2017
1270,E05001674,E05011545,West Carr,Kings Park,1266/2017
1271,E05001685,E05011545,West Carr,Sutton,1266/2017
1272,E05011401,E05011546,Garforth & Swillington,Kippax & Methley,270/2018
1273,E05011393,E05011546,Garforth & Swillington,Garforth & Swillington,270/2018
1274,E05011398,E05011547,Horsforth,Horsforth,270/2018
1275,E05011401,E05011548,Kippax & Methley,Kippax & Methley,270/2018
1276,E05011393,E05011548,Kippax & Methley,Garforth & Swillington,270/2018
1277,E05011398,E05011549,Otley & Yeadon,Horsforth,270/2018
1278,E05011408,E05011549,Otley & Yeadon,Otley & Yeadon,270/2018
1279,E05011393,E05011550,Rothwell,Garforth & Swillington,270/2018
1280,E05011410,E05011550,Rothwell,Rothwell,270/2018
1281,E05011412,E05011551,Temple Newsam,Temple Newsam,270/2018
1282,E05011393,E05011551,Temple Newsam,Garforth & Swillington,270/2018
